Timestamp,Detected,X1,Y1,X2,Y2,Label,Score
22:44:29,True,13,143,626,480,person,0.7578125
22:44:29,False,588,57,621,116,book,0.33203125
22:44:30,True,220,278,643,476,person,0.6875
22:44:30,False,587,55,624,116,book,0.3125
22:44:30,True,208,255,639,476,person,0.54296875
22:44:30,False,587,57,623,117,book,0.3515625
22:44:30,True,171,210,640,483,person,0.7734375
22:44:30,True,148,195,640,476,person,0.70703125
22:44:30,True,122,197,642,473,person,0.73828125
22:44:30,True,122,195,642,476,person,0.7578125
22:44:30,False,1,254,79,434,suitcase,0.3125
22:44:30,True,117,190,647,471,person,0.7578125
22:44:30,False,587,56,622,117,book,0.33203125
22:44:30,False,2,257,78,437,suitcase,0.3125
22:44:30,True,148,185,640,477,person,0.66796875
22:44:31,True,77,154,637,479,person,0.70703125
22:44:31,True,72,128,642,478,person,0.4765625
22:44:31,False,554,66,587,116,book,0.3125
22:44:31,True,31,92,633,476,person,0.73828125
22:44:31,True,9,48,630,481,person,0.8515625
22:44:31,False,587,57,621,117,bottle,0.33203125
22:44:31,True,-1,28,643,485,person,0.8984375
22:44:31,False,555,66,587,116,bottle,0.3125
22:44:31,True,-1,19,643,476,person,0.8828125
22:44:31,True,3,15,635,481,person,0.8828125
22:44:31,True,9,15,630,481,person,0.87109375
22:44:31,False,439,364,632,478,chair,0.5
22:44:31,True,-3,34,550,480,person,0.80078125
22:44:31,False,440,364,637,478,chair,0.5234375
22:44:31,True,2,32,492,481,person,0.7890625
22:44:31,False,436,364,636,478,chair,0.54296875
22:44:32,True,2,36,492,477,person,0.7890625
22:44:32,False,438,364,638,478,chair,0.54296875
22:44:32,True,2,48,492,481,person,0.7578125
22:44:32,False,438,364,638,478,chair,0.56640625
22:44:32,True,2,48,492,481,person,0.7890625
22:44:32,False,434,364,638,478,chair,0.5234375
22:44:32,True,2,52,492,477,person,0.7734375
22:44:32,False,436,364,636,478,chair,0.5
22:44:32,True,-1,52,498,477,person,0.7578125
22:44:32,False,434,364,638,478,chair,0.5234375
22:44:32,True,-1,52,498,477,person,0.73828125
22:44:32,False,436,364,636,478,chair,0.5234375
22:44:32,True,-1,56,474,476,person,0.70703125
22:44:32,False,436,364,636,478,chair,0.5234375
22:44:32,True,2,56,492,473,person,0.72265625
22:44:32,False,436,364,636,478,chair,0.5234375
22:44:32,False,586,56,621,117,book,0.3515625
22:44:32,True,9,52,508,477,person,0.6875
22:44:32,False,434,364,638,478,chair,0.54296875
22:44:32,False,587,57,623,116,book,0.3125
22:44:32,True,2,56,492,473,person,0.72265625
22:44:32,False,434,364,638,478,chair,0.54296875
22:44:32,False,588,57,622,116,book,0.3125
22:44:32,True,1,70,435,475,person,0.6484375
22:44:32,False,436,364,636,478,chair,0.5234375
22:44:33,True,13,70,388,475,person,0.62890625
22:44:33,False,437,364,634,478,chair,0.54296875
22:44:33,True,4,77,414,482,person,0.6875
22:44:33,False,436,364,636,478,chair,0.54296875
22:44:33,True,2,70,398,475,person,0.70703125
22:44:33,False,436,365,636,477,chair,0.54296875
22:44:33,True,-6,74,444,472,person,0.6484375
22:44:33,False,437,364,634,478,chair,0.56640625
22:44:33,True,5,70,431,475,person,0.6875
22:44:33,False,436,364,636,478,chair,0.54296875
22:44:33,True,-2,70,440,475,person,0.66796875
22:44:33,False,437,364,634,478,chair,0.5859375
22:44:33,True,1,74,435,472,person,0.66796875
22:44:33,False,436,364,636,478,chair,0.5859375
22:44:33,True,0,70,418,475,person,0.66796875
22:44:33,False,437,364,634,478,chair,0.56640625
22:44:33,True,5,60,431,472,person,0.66796875
22:44:33,False,437,364,634,478,chair,0.5859375
22:44:33,True,-1,74,457,472,person,0.6484375
22:44:33,False,437,364,634,478,chair,0.56640625
22:44:33,True,-2,87,554,475,person,0.6875
22:44:33,False,436,365,636,477,chair,0.60546875
22:44:34,True,6,103,539,482,person,0.62890625
22:44:34,False,437,365,634,477,chair,0.56640625
22:44:34,True,-1,108,457,478,person,0.60546875
22:44:34,False,436,364,636,478,chair,0.5859375
22:44:34,True,2,111,452,481,person,0.6875
22:44:34,False,437,364,634,478,chair,0.5859375
22:44:34,False,146,96,280,206,chair,0.5
22:44:34,True,2,101,452,477,person,0.6484375
22:44:34,False,437,364,641,478,chair,0.5234375
22:44:34,True,-3,101,423,477,person,0.5859375
22:44:34,False,434,365,638,477,chair,0.54296875
22:44:34,True,-1,108,218,489,person,0.56640625
22:44:34,False,434,364,638,478,chair,0.5234375
22:44:34,False,436,364,636,478,chair,0.5234375
22:44:34,True,6,114,395,477,person,0.5234375
22:44:34,False,434,364,638,478,chair,0.56640625
22:44:34,True,-1,134,218,488,person,0.54296875
22:44:34,False,586,55,623,116,book,0.3515625
22:44:34,True,157,200,632,481,person,0.7734375
22:44:34,True,2,153,188,482,person,0.37109375
22:44:34,False,586,56,623,117,book,0.3125
22:44:34,True,3,184,380,477,person,0.3125
22:44:34,True,3,80,591,482,person,0.7578125
22:44:34,False,72,249,337,479,cell phone,0.4140625
22:44:34,False,587,57,622,117,book,0.3125
22:44:34,False,500,403,628,477,chair,0.3125
22:44:34,False,440,364,637,478,chair,0.5859375
22:44:34,True,-3,78,374,478,person,0.5859375
22:44:34,False,587,57,622,117,book,0.3125
22:44:35,True,-4,47,310,477,person,0.56640625
22:44:35,False,438,365,638,477,chair,0.54296875
22:44:35,False,436,364,636,478,chair,0.5234375
22:44:35,True,9,147,221,476,person,0.43359375
22:44:35,True,7,159,207,476,person,0.60546875
22:44:35,False,436,364,636,478,chair,0.56640625
22:44:35,False,588,57,623,117,book,0.3125
22:44:35,True,3,156,179,479,person,0.5859375
22:44:35,False,436,364,636,478,chair,0.5
22:44:35,False,434,364,638,478,chair,0.4765625
22:44:35,True,4,249,127,479,person,0.45703125
22:44:35,False,436,364,636,478,chair,0.54296875
22:44:35,False,588,57,623,116,book,0.33203125
22:44:35,False,436,364,636,478,chair,0.54296875
22:44:35,False,587,57,622,117,book,0.33203125
22:44:35,False,434,364,638,478,chair,0.5
22:44:35,False,587,57,622,117,book,0.33203125
22:44:35,False,434,362,638,476,chair,0.5234375
22:44:35,False,587,56,622,117,book,0.3515625
22:44:35,False,436,362,636,476,chair,0.5234375
22:44:35,False,587,57,624,117,book,0.33203125
22:44:35,True,-2,200,157,481,person,0.33203125
22:44:35,False,17,159,68,263,scissors,0.3125
22:44:36,True,5,119,233,480,person,0.60546875
22:44:36,False,436,364,636,478,chair,0.5234375
22:44:36,False,436,364,636,478,chair,0.56640625
22:44:36,True,3,99,367,485,person,0.56640625
22:44:36,False,273,183,335,257,cup,0.39453125
22:44:36,False,588,57,622,117,book,0.33203125
22:44:36,True,2,101,398,477,person,0.70703125
22:44:36,False,437,364,634,478,chair,0.56640625
22:44:36,False,587,57,624,117,book,0.37109375
22:44:36,False,274,184,334,250,cup,0.33203125
22:44:36,False,436,365,636,477,chair,0.5234375
22:44:36,True,0,111,384,483,person,0.5
22:44:36,False,436,365,636,477,chair,0.5
22:44:36,True,2,127,398,477,person,0.3515625
22:44:36,True,11,125,534,477,person,0.5
22:44:36,False,439,364,632,478,chair,0.39453125
22:44:36,False,587,57,624,117,book,0.3125
22:44:36,True,2,139,513,476,person,0.5
22:44:36,False,441,364,631,474,chair,0.39453125
22:44:36,True,24,140,526,477,person,0.54296875
22:44:36,False,587,56,622,117,book,0.33203125
22:44:36,False,498,403,633,477,chair,0.33203125
22:44:36,True,50,131,590,475,person,0.6484375
22:44:36,False,1,276,82,433,vase,0.5234375
22:44:36,False,0,157,45,261,scissors,0.3125
22:44:36,True,77,140,579,477,person,0.56640625
22:44:36,False,-1,159,46,263,scissors,0.3515625
22:44:36,False,587,57,623,117,book,0.3125
22:44:37,True,75,140,493,477,person,0.5
22:44:37,False,587,56,622,117,book,0.3125
22:44:37,False,509,400,628,477,chair,0.3125
22:44:37,True,109,132,629,482,person,0.56640625
22:44:37,False,587,57,621,116,book,0.3125
22:44:37,True,122,150,606,481,person,0.56640625
22:44:37,True,89,154,600,479,person,0.5234375
22:44:37,True,89,146,600,477,person,0.5234375
22:44:37,True,102,154,613,479,person,0.56640625
22:44:37,True,75,162,615,481,person,0.60546875
22:44:37,True,80,165,610,479,person,0.54296875
22:44:37,True,42,176,470,475,person,0.72265625
22:44:37,False,441,364,631,478,chair,0.45703125
22:44:37,True,27,189,440,482,person,0.70703125
22:44:37,False,437,366,634,476,chair,0.4765625
22:44:38,True,6,194,404,477,person,0.6875
22:44:38,False,437,364,634,478,chair,0.54296875
22:44:38,False,440,364,637,478,chair,0.5234375
22:44:38,True,3,205,436,476,person,0.45703125
22:44:38,False,589,57,623,117,book,0.33203125
22:44:38,False,440,364,637,478,chair,0.54296875
22:44:38,True,3,197,436,473,person,0.45703125
22:44:38,False,437,368,636,479,chair,0.5
22:44:38,True,-5,195,420,476,person,0.5
22:44:38,False,587,57,623,116,book,0.3125
22:44:38,True,31,186,422,474,person,0.56640625
22:44:38,False,437,364,634,478,chair,0.5234375
22:44:38,False,304,296,438,476,chair,0.3515625
22:44:38,False,439,364,632,478,chair,0.56640625
22:44:38,False,55,224,441,479,chair,0.39453125
22:44:38,False,306,307,445,478,chair,0.3515625
22:44:38,True,71,356,389,477,person,0.54296875
22:44:38,False,436,364,636,478,chair,0.5234375
22:44:38,False,589,57,622,116,book,0.3125
22:44:38,False,436,364,636,478,chair,0.54296875
22:44:38,False,587,57,622,116,book,0.3125
22:44:38,False,436,364,636,478,chair,0.5
22:44:38,False,589,57,621,116,book,0.3125
22:44:38,False,436,364,636,478,chair,0.54296875
22:44:38,False,588,57,621,116,book,0.3515625
22:44:38,False,436,365,636,477,chair,0.5
22:44:38,False,588,58,621,117,book,0.3125
22:44:39,False,433,362,633,476,chair,0.4765625
22:44:39,False,24,0,240,395,refrigerator,0.37109375
22:44:39,False,588,58,622,117,book,0.33203125
22:44:39,False,434,365,638,477,chair,0.5234375
22:44:39,True,-5,32,377,484,person,0.5234375
22:44:39,False,588,58,622,117,book,0.3125
22:44:39,True,-6,23,428,475,person,0.62890625
22:44:39,False,434,364,638,478,chair,0.5234375
22:44:39,False,587,56,622,116,book,0.33203125
22:44:39,True,2,6,492,489,person,0.66796875
22:44:39,False,434,364,638,478,chair,0.4765625
22:44:39,True,4,8,518,471,person,0.70703125
22:44:39,False,436,364,636,478,chair,0.5234375
22:44:39,False,586,57,623,117,book,0.3125
22:44:39,True,9,-1,508,482,person,0.73828125
22:44:39,False,436,364,636,478,chair,0.4765625
22:44:39,False,587,56,622,117,book,0.3125
22:44:39,True,9,-1,508,482,person,0.73828125
22:44:39,False,438,365,638,477,chair,0.5
22:44:39,True,2,10,469,470,person,0.72265625
22:44:39,False,436,364,636,478,chair,0.54296875
22:44:39,False,586,57,623,116,book,0.3125
22:44:39,True,8,15,498,481,person,0.7578125
22:44:39,False,438,365,638,477,chair,0.54296875
22:44:39,True,2,19,444,479,person,0.70703125
22:44:39,False,434,364,638,478,chair,0.56640625
22:44:39,True,2,23,444,475,person,0.6875
22:44:39,False,438,364,638,478,chair,0.56640625
22:44:39,False,587,57,621,117,book,0.3125
22:44:40,True,0,23,458,475,person,0.70703125
22:44:40,False,436,365,636,477,chair,0.5234375
22:44:40,True,-3,41,464,476,person,0.70703125
22:44:40,False,436,365,636,477,chair,0.54296875
22:44:40,True,1,45,419,472,person,0.6484375
22:44:40,False,434,364,638,478,chair,0.56640625
22:44:40,True,1,48,419,468,person,0.6484375
22:44:40,False,436,365,636,477,chair,0.54296875
22:44:40,False,587,58,621,117,book,0.3125
22:44:40,True,2,48,452,484,person,0.66796875
22:44:40,False,436,364,636,478,chair,0.5
22:44:40,True,-2,48,440,484,person,0.6484375
22:44:40,False,436,365,636,477,chair,0.54296875
22:44:40,True,-2,45,424,472,person,0.6484375
22:44:40,False,434,364,638,478,chair,0.5234375
22:44:40,True,-2,48,440,484,person,0.62890625
22:44:40,False,436,364,636,478,chair,0.5234375
22:44:40,False,587,57,624,116,book,0.3125
22:44:40,True,-3,52,478,477,person,0.62890625
22:44:40,False,436,364,636,478,chair,0.5234375
22:44:40,False,587,58,624,118,book,0.3125
22:44:40,True,-7,51,507,481,person,0.70703125
22:44:40,False,436,365,636,477,chair,0.5234375
22:44:40,False,587,57,623,117,book,0.33203125
22:44:41,True,2,51,498,481,person,0.6875
22:44:41,False,436,364,636,478,chair,0.56640625
22:44:41,False,587,56,623,117,book,0.33203125
22:44:41,True,-3,41,439,476,person,0.66796875
22:44:41,False,436,364,636,478,chair,0.54296875
22:44:41,True,0,45,434,472,person,0.66796875
22:44:41,False,434,364,638,478,chair,0.54296875
22:44:41,False,587,57,622,117,book,0.33203125
22:44:41,True,2,55,498,477,person,0.66796875
22:44:41,False,434,364,638,478,chair,0.56640625
22:44:41,True,0,52,472,477,person,0.6484375
22:44:41,False,436,364,636,478,chair,0.54296875
22:44:41,True,4,52,467,477,person,0.62890625
22:44:41,False,436,364,636,478,chair,0.5234375
22:44:41,False,587,57,622,117,book,0.3125
22:44:41,True,-2,63,440,483,person,0.62890625
22:44:41,False,436,365,636,477,chair,0.54296875
22:44:41,False,586,56,621,117,book,0.3125
22:44:41,True,-2,66,440,478,person,0.6484375
22:44:41,False,434,365,638,477,chair,0.54296875
22:44:41,False,588,58,623,118,book,0.33203125
22:44:41,True,5,66,431,478,person,0.62890625
22:44:41,False,436,364,636,478,chair,0.4765625
22:44:41,False,587,57,623,117,book,0.3125
22:44:41,True,13,67,509,482,person,0.66796875
22:44:41,False,436,364,636,478,chair,0.5234375
22:44:41,False,587,57,622,117,book,0.33203125
22:44:41,True,-1,66,457,478,person,0.6484375
22:44:41,False,436,365,636,477,chair,0.5234375
22:44:41,False,586,56,621,117,book,0.3125
22:44:42,True,-5,66,461,478,person,0.6875
22:44:42,False,436,364,636,478,chair,0.56640625
22:44:42,False,587,57,621,117,book,0.3125
22:44:42,True,2,70,468,475,person,0.70703125
22:44:42,False,437,364,634,478,chair,0.56640625
22:44:42,False,587,57,624,117,book,0.3515625
22:44:42,True,-1,72,598,474,person,0.72265625
22:44:42,False,437,364,634,478,chair,0.54296875
22:44:42,False,587,57,622,117,book,0.3125
22:44:42,True,9,91,630,472,person,0.828125
22:44:42,False,437,368,634,480,chair,0.5234375
22:44:42,True,-1,106,620,473,person,0.81640625
22:44:42,False,437,365,634,477,chair,0.43359375
22:44:42,True,2,96,638,473,person,0.86328125
22:44:42,False,444,372,627,480,chair,0.3125
22:44:42,True,-3,96,645,473,person,0.8515625
22:44:42,True,2,100,638,477,person,0.8828125
22:44:42,True,2,92,638,476,person,0.80078125
22:44:42,True,7,92,631,476,person,0.828125
22:44:43,True,7,87,631,471,person,0.7578125
22:44:43,True,25,97,638,481,person,0.72265625
22:44:43,True,48,98,636,472,person,0.6875
22:44:43,True,75,101,635,477,person,0.6484375
22:44:43,True,75,101,635,477,person,0.66796875
22:44:43,True,89,101,639,477,person,0.66796875
22:44:43,True,94,111,634,481,person,0.56640625
22:44:43,True,153,114,637,477,person,0.6484375
22:44:43,True,174,140,632,477,person,0.72265625
22:44:43,True,195,147,629,484,person,0.7578125
22:44:43,True,201,138,637,490,person,0.66796875
22:44:44,True,212,142,640,488,person,0.66796875
22:44:44,True,195,134,629,484,person,0.6875
22:44:44,False,1,259,79,436,suitcase,0.3515625
22:44:44,True,178,137,628,481,person,0.70703125
22:44:44,True,153,114,637,477,person,0.6484375
22:44:44,True,13,100,626,477,person,0.7890625
22:44:44,False,-1,275,78,435,bicycle,0.37109375
22:44:44,True,9,80,630,482,person,0.81640625
22:44:44,True,3,72,635,474,person,0.8515625
22:44:44,False,0,155,49,263,scissors,0.33203125
22:44:44,True,-2,64,554,481,person,0.72265625
22:44:44,False,439,364,632,478,chair,0.56640625
22:44:44,False,212,53,309,149,chair,0.3515625
22:44:44,True,-1,68,498,478,person,0.6484375
22:44:44,False,436,364,636,478,chair,0.5234375
22:44:44,True,-2,75,387,480,person,0.60546875
22:44:44,False,436,365,636,477,chair,0.54296875
22:44:45,False,436,365,636,477,chair,0.5
22:44:45,False,12,5,252,400,refrigerator,0.37109375
22:44:45,False,436,364,636,478,chair,0.5234375
22:44:45,True,2,88,188,476,person,0.39453125
22:44:45,False,587,57,622,117,book,0.3125
22:44:45,False,436,364,636,478,chair,0.5234375
22:44:45,False,431,364,635,478,chair,0.5234375
22:44:45,False,587,58,623,117,book,0.3515625
22:44:45,False,436,364,636,478,chair,0.4765625
22:44:45,False,586,57,623,116,book,0.33203125
22:44:45,False,436,364,636,478,chair,0.5234375
22:44:45,False,436,365,636,477,chair,0.5
22:44:45,False,436,364,636,478,chair,0.5
22:44:45,False,436,364,636,478,chair,0.5
22:44:45,False,587,57,622,117,book,0.33203125
22:44:45,False,434,364,638,478,chair,0.5234375
22:44:45,False,587,56,623,117,book,0.3125
22:44:46,False,434,364,638,478,chair,0.5
22:44:46,False,587,57,622,117,book,0.3125
22:44:46,False,436,365,636,477,chair,0.54296875
22:44:46,False,587,57,623,117,book,0.3125
22:44:46,False,436,364,636,478,chair,0.5234375
22:44:46,False,436,364,636,478,chair,0.54296875
22:44:46,False,587,57,622,117,book,0.39453125
22:44:46,True,385,314,618,474,person,0.43359375
22:44:46,True,209,279,630,479,person,0.33203125
22:44:46,False,437,363,634,479,chair,0.37109375
22:44:46,False,587,57,622,117,book,0.33203125
22:44:46,False,437,364,634,478,chair,0.43359375
22:44:46,True,204,217,444,477,person,0.39453125
22:44:46,False,587,56,623,117,book,0.3515625
22:44:46,False,555,67,588,116,book,0.3125
22:44:46,False,587,56,622,117,book,0.33203125
22:44:46,False,587,57,623,117,book,0.37109375
22:44:46,False,587,57,623,116,book,0.33203125
22:44:47,False,586,57,624,117,book,0.39453125
22:44:47,False,554,66,587,116,book,0.3125
22:44:47,False,588,58,621,117,book,0.3515625
22:44:47,False,587,56,623,117,book,0.3515625
22:44:47,False,587,57,622,116,book,0.3125
22:44:47,True,197,217,541,475,person,0.39453125
22:44:47,False,587,58,624,118,book,0.33203125
22:44:47,True,196,219,528,472,person,0.33203125
22:44:47,True,202,217,522,475,person,0.3515625
22:44:47,False,586,56,624,118,book,0.33203125
22:44:47,False,586,57,623,117,book,0.3125
22:44:47,True,284,231,497,478,person,0.3125
22:44:48,True,196,217,528,475,person,0.33203125
22:44:48,True,199,219,525,472,person,0.43359375
22:44:48,False,439,364,632,478,chair,0.39453125
22:44:48,False,587,58,623,117,book,0.3515625
22:44:48,False,436,364,636,478,chair,0.54296875
22:44:48,False,587,58,623,117,book,0.3125
22:44:48,False,437,364,634,478,chair,0.5
22:44:48,False,434,364,638,478,chair,0.5234375
22:44:48,False,587,57,622,117,book,0.3125
22:44:48,False,436,364,636,478,chair,0.5
22:44:48,False,588,55,623,116,book,0.3125
22:44:48,False,436,364,636,478,chair,0.5234375
22:44:48,False,587,56,622,117,book,0.3515625
22:44:48,False,434,365,638,477,chair,0.5234375
22:44:48,False,587,57,623,116,book,0.3125
22:44:49,False,436,365,636,477,chair,0.5234375
22:44:49,False,587,57,622,117,book,0.3125
22:44:49,False,433,364,633,478,chair,0.54296875
22:44:49,False,588,57,623,117,book,0.3515625
22:44:49,False,434,365,638,477,chair,0.5
22:44:49,False,587,56,622,117,book,0.3125
22:44:49,False,436,365,636,477,chair,0.54296875
22:44:49,False,587,57,622,117,book,0.3515625
22:44:49,False,433,364,633,478,chair,0.5234375
22:44:49,False,587,57,622,116,book,0.3515625
22:44:49,False,436,364,636,478,chair,0.5234375
22:44:49,False,587,55,623,116,book,0.37109375
22:44:49,False,553,67,586,116,book,0.3125
22:44:49,False,437,364,634,478,chair,0.5234375
22:44:49,False,587,56,624,117,book,0.3515625
22:44:49,False,554,67,587,116,book,0.3125
22:44:49,False,436,365,636,477,chair,0.5234375
22:44:49,False,588,57,623,117,book,0.33203125
22:44:49,False,436,364,636,478,chair,0.54296875
22:44:49,False,587,55,624,116,book,0.33203125
22:44:49,False,436,364,636,478,chair,0.5234375
22:44:49,False,587,58,623,118,book,0.3515625
22:44:50,False,436,364,636,478,chair,0.5234375
22:44:50,False,587,56,622,116,book,0.3125
22:44:50,False,436,364,636,478,chair,0.5234375
22:44:50,False,588,57,621,116,book,0.3125
22:44:50,False,436,364,636,478,chair,0.54296875
22:44:50,False,587,58,622,117,book,0.33203125
22:44:50,False,0,155,45,263,scissors,0.3125
22:44:50,False,437,364,634,478,chair,0.5234375
22:44:50,False,587,57,622,117,book,0.33203125
22:44:50,False,434,364,638,478,chair,0.54296875
22:44:50,False,587,58,622,117,book,0.3515625
22:44:50,False,0,155,45,263,scissors,0.33203125
22:44:50,False,433,364,633,478,chair,0.5234375
22:44:50,False,587,57,623,117,book,0.3515625
22:44:50,False,436,365,636,477,chair,0.54296875
22:44:50,False,588,57,623,117,book,0.33203125
22:44:50,False,433,364,632,478,chair,0.54296875
22:44:50,False,588,57,623,117,book,0.33203125
22:44:50,False,434,365,638,477,chair,0.5234375
22:44:50,True,2,152,110,471,person,0.37109375
22:44:50,False,588,57,624,117,book,0.33203125
22:44:51,False,436,364,636,478,chair,0.4765625
22:44:51,False,587,57,623,116,book,0.3515625
22:44:51,False,434,364,638,478,chair,0.5234375
22:44:51,True,3,141,173,482,person,0.43359375
22:44:51,False,587,57,623,117,book,0.3125
22:44:51,False,436,365,636,477,chair,0.5234375
22:44:51,True,2,135,166,476,person,0.43359375
22:44:51,False,587,57,624,117,book,0.3125
22:44:51,False,436,364,636,478,chair,0.5234375
22:44:51,False,587,57,623,117,book,0.37109375
22:44:51,True,3,162,122,470,person,0.3515625
22:44:51,False,436,364,636,478,chair,0.5234375
22:44:51,False,588,57,623,117,book,0.33203125
22:44:51,True,1,125,174,486,person,0.33203125
22:44:51,False,436,364,636,478,chair,0.56640625
22:44:51,False,587,56,622,117,book,0.3125
22:44:51,False,436,365,636,477,chair,0.5
22:44:51,False,588,57,623,117,book,0.33203125
22:44:51,False,436,365,636,477,chair,0.54296875
22:44:51,False,587,57,622,117,book,0.33203125
22:44:51,False,436,365,636,477,chair,0.54296875
22:44:51,False,588,57,622,116,book,0.3125
22:44:51,False,436,364,636,478,chair,0.54296875
22:44:51,False,437,365,641,477,chair,0.5859375
22:44:51,False,587,58,622,118,book,0.3515625
22:44:52,False,439,365,615,477,chair,0.4765625
22:44:52,False,587,58,622,118,book,0.3515625
22:44:52,False,444,370,611,478,chair,0.43359375
22:44:52,False,586,56,623,117,book,0.37109375
22:44:52,False,555,67,588,116,book,0.3125
22:44:52,False,437,350,636,481,chair,0.56640625
22:44:52,False,435,358,549,474,chair,0.39453125
22:44:52,False,587,57,623,117,book,0.37109375
22:44:52,False,431,322,641,477,chair,0.60546875
22:44:52,False,587,56,623,117,book,0.33203125
22:44:52,False,422,310,639,479,chair,0.60546875
22:44:52,False,587,57,623,117,book,0.3515625
22:44:52,False,426,303,635,478,chair,0.56640625
22:44:52,False,587,57,622,117,book,0.3515625
22:44:52,False,417,297,634,478,chair,0.5859375
22:44:52,False,587,57,623,117,book,0.37109375
22:44:52,False,553,67,586,116,book,0.33203125
22:44:52,False,447,289,634,477,chair,0.54296875
22:44:52,False,588,56,621,116,book,0.3515625
22:44:52,False,555,68,587,117,book,0.3125
22:44:52,False,437,272,631,474,chair,0.37109375
22:44:52,False,587,57,624,117,book,0.33203125
22:44:53,False,418,259,602,473,chair,0.45703125
22:44:53,False,588,57,622,117,book,0.3125
22:44:53,True,445,410,622,479,person,0.3125
22:44:53,False,387,249,585,479,cell phone,0.4765625
22:44:53,False,588,56,623,117,book,0.3515625
22:44:53,False,375,247,559,473,cell phone,0.56640625
22:44:53,False,587,56,622,117,book,0.33203125
22:44:53,False,368,251,559,477,cell phone,0.45703125
22:44:53,False,587,57,622,117,book,0.3515625
22:44:53,False,360,253,554,475,cell phone,0.5234375
22:44:53,False,586,56,623,117,book,0.33203125
22:44:53,True,419,407,610,477,person,0.3125
22:44:53,False,366,249,550,471,cell phone,0.54296875
22:44:53,False,587,56,622,117,book,0.33203125
22:44:53,False,370,253,551,475,cell phone,0.5859375
22:44:53,True,400,407,609,479,person,0.3125
22:44:53,False,236,258,595,479,cell phone,0.3125
22:44:53,False,374,260,555,478,cell phone,0.54296875
22:44:53,False,587,56,622,117,book,0.33203125
22:44:53,False,375,269,559,479,cell phone,0.56640625
22:44:53,False,587,57,623,117,book,0.37109375
22:44:53,False,384,281,575,476,cell phone,0.39453125
22:44:53,False,588,56,622,117,book,0.33203125
22:44:53,False,554,68,587,117,book,0.3125
22:44:54,False,396,290,590,478,chair,0.4140625
22:44:54,False,203,283,596,477,chair,0.39453125
22:44:54,False,587,57,622,117,book,0.3125
22:44:54,False,396,299,598,477,chair,0.43359375
22:44:54,False,211,289,604,480,chair,0.3515625
22:44:54,False,587,58,622,117,book,0.33203125
22:44:54,False,586,57,623,117,book,0.37109375
22:44:54,False,396,294,590,475,chair,0.37109375
22:44:54,False,203,285,596,476,chair,0.3515625
22:44:54,False,586,57,623,117,book,0.37109375
22:44:54,False,199,293,600,480,chair,0.33203125
22:44:54,False,389,294,587,475,chair,0.3125
22:44:54,False,587,57,622,117,book,0.33203125
22:44:54,False,587,55,624,116,book,0.33203125
22:44:54,False,587,56,623,117,book,0.3125
22:44:54,False,588,57,622,117,book,0.3125
22:44:54,False,588,58,623,117,book,0.3515625
22:44:54,False,587,58,622,117,book,0.33203125
22:44:55,False,587,57,622,117,book,0.37109375
22:44:55,False,207,289,608,480,chair,0.33203125
22:44:55,False,361,287,550,480,cell phone,0.4140625
22:44:55,False,587,57,622,117,book,0.33203125
22:44:55,False,351,287,529,480,cell phone,0.4140625
22:44:55,False,588,57,622,117,book,0.3125
22:44:55,False,331,289,518,477,cell phone,0.60546875
22:44:55,False,587,58,622,117,book,0.3125
22:44:55,False,309,280,478,476,cell phone,0.45703125
22:44:55,False,587,56,623,117,book,0.37109375
22:44:55,False,555,66,587,116,book,0.33203125
22:44:55,False,264,277,451,472,cell phone,0.4765625
22:44:55,False,587,56,622,117,book,0.33203125
22:44:55,False,442,364,625,478,chair,0.33203125
22:44:55,False,240,274,431,473,cell phone,0.60546875
22:44:55,False,440,365,626,477,chair,0.3515625
22:44:55,False,588,57,623,117,book,0.33203125
22:44:55,False,232,275,423,477,cell phone,0.4765625
22:44:55,False,439,364,632,478,chair,0.4140625
22:44:55,False,588,57,623,117,book,0.3515625
22:44:55,False,219,276,401,480,cell phone,0.56640625
22:44:55,False,439,364,632,478,chair,0.43359375
22:44:55,False,587,58,621,117,book,0.3515625
22:44:55,False,212,277,406,479,cell phone,0.5
22:44:55,False,439,364,632,478,chair,0.4140625
22:44:55,False,586,57,623,117,book,0.37109375
22:44:56,False,223,278,412,478,cell phone,0.5859375
22:44:56,False,439,364,632,478,chair,0.43359375
22:44:56,False,587,58,622,118,book,0.3125
22:44:56,False,436,364,629,478,chair,0.45703125
22:44:56,False,587,56,621,117,book,0.3515625
22:44:56,False,207,296,529,476,chair,0.39453125
22:44:56,False,588,57,621,117,book,0.3125
22:44:56,False,588,56,623,117,book,0.37109375
22:44:56,False,430,309,629,479,chair,0.3515625
22:44:56,False,434,361,627,477,chair,0.54296875
22:44:56,False,586,57,623,117,book,0.3125
22:44:56,False,436,364,636,478,chair,0.54296875
22:44:56,False,587,56,621,117,book,0.37109375
22:44:56,False,434,365,638,477,chair,0.54296875
22:44:56,False,587,58,622,118,book,0.39453125
22:44:56,False,555,68,587,117,book,0.33203125
22:44:56,False,433,365,633,477,chair,0.54296875
22:44:56,False,587,58,621,117,book,0.33203125
22:44:56,False,436,365,636,477,chair,0.5
22:44:56,False,587,57,623,117,book,0.37109375
22:44:56,False,436,362,636,476,chair,0.5234375
22:44:56,False,588,57,623,117,book,0.3515625
22:44:57,False,436,364,636,478,chair,0.54296875
22:44:57,False,587,57,623,117,book,0.3515625
22:44:57,False,434,365,638,477,chair,0.54296875
22:44:57,False,587,57,623,116,book,0.37109375
22:44:57,False,436,364,636,478,chair,0.5
22:44:57,False,587,56,624,117,book,0.37109375
22:44:57,False,436,364,636,478,chair,0.5234375
22:44:57,False,588,57,623,117,book,0.37109375
22:44:57,False,553,68,586,117,book,0.3125
22:44:57,False,434,365,638,477,chair,0.5
22:44:57,False,587,57,622,116,book,0.37109375
22:44:57,False,554,67,587,116,book,0.3125
22:44:57,False,436,364,636,478,chair,0.56640625
22:44:57,False,587,58,622,117,book,0.37109375
22:44:57,False,554,67,587,116,book,0.3125
22:44:57,False,437,364,634,478,chair,0.54296875
22:44:57,False,587,57,622,116,book,0.37109375
22:44:57,False,436,365,636,477,chair,0.5234375
22:44:57,False,588,57,622,117,book,0.3125
22:44:57,False,436,364,636,478,chair,0.56640625
22:44:57,False,587,58,621,117,book,0.3515625
22:44:58,False,436,365,636,477,chair,0.5234375
22:44:58,False,588,57,623,117,book,0.33203125
22:44:58,False,436,364,636,478,chair,0.5234375
22:44:58,False,588,57,623,117,book,0.3125
22:44:58,False,436,364,636,478,chair,0.5234375
22:44:58,False,587,57,623,116,book,0.37109375
22:44:58,False,436,364,636,478,chair,0.54296875
22:44:58,False,587,57,621,117,book,0.3515625
22:44:58,False,435,364,632,478,chair,0.45703125
22:44:58,False,587,57,624,116,book,0.3515625
22:44:58,False,435,361,639,477,chair,0.5
22:44:58,False,554,66,587,116,book,0.37109375
22:44:58,False,587,58,623,118,book,0.37109375
22:44:58,False,437,364,641,478,chair,0.5234375
22:44:58,False,587,58,623,117,book,0.3515625
22:44:58,False,555,68,587,117,book,0.3125
22:44:58,False,436,364,636,478,chair,0.5234375
22:44:58,False,587,57,622,117,book,0.3515625
22:44:58,False,431,362,635,476,chair,0.5
22:44:58,False,587,57,623,117,book,0.37109375
22:44:58,False,401,365,627,481,chair,0.5234375
22:44:58,False,588,58,623,117,book,0.37109375
22:44:58,False,555,68,588,117,book,0.3125
22:44:59,False,588,57,623,116,book,0.3515625
22:44:59,False,400,399,624,477,chair,0.33203125
22:44:59,False,424,362,607,452,cat,0.3125
22:44:59,False,394,375,622,477,chair,0.37109375
22:44:59,False,587,57,622,117,book,0.3125
22:44:59,False,371,375,628,481,chair,0.45703125
22:44:59,False,588,58,622,118,book,0.39453125
22:44:59,False,555,67,588,116,book,0.3515625
22:44:59,False,366,363,633,481,chair,0.60546875
22:44:59,False,588,57,621,117,book,0.3515625
22:44:59,False,372,353,637,477,chair,0.56640625
22:44:59,False,257,307,636,472,chair,0.4140625
22:44:59,False,586,58,623,117,book,0.37109375
22:44:59,False,553,68,586,117,book,0.3125
22:44:59,False,361,343,636,476,chair,0.56640625
22:44:59,False,587,57,622,117,book,0.3515625
22:44:59,False,365,331,630,477,chair,0.62890625
22:44:59,False,588,57,623,117,book,0.3515625
22:44:59,False,242,303,635,477,chair,0.45703125
22:44:59,False,587,57,622,117,book,0.37109375
22:44:59,False,204,293,627,480,chair,0.43359375
22:44:59,False,587,58,623,118,book,0.37109375
22:44:59,False,204,281,612,479,chair,0.39453125
22:44:59,False,587,57,622,117,book,0.3515625
22:45:00,False,588,57,623,117,book,0.37109375
22:45:00,False,204,275,612,480,chair,0.37109375
22:45:00,False,555,68,587,117,book,0.3125
22:45:00,False,587,56,622,117,book,0.37109375
22:45:00,False,210,280,589,481,chair,0.3515625
22:45:00,False,554,68,587,117,book,0.33203125
22:45:00,False,221,277,593,478,chair,0.3515625
22:45:00,False,588,59,622,117,book,0.33203125
22:45:00,False,195,281,588,479,laptop,0.39453125
22:45:00,False,587,57,622,117,book,0.37109375
22:45:00,False,587,57,621,117,book,0.33203125
22:45:00,False,200,281,566,479,tv,0.3125
22:45:00,False,588,57,623,117,book,0.3515625
22:45:00,False,554,68,587,116,book,0.3125
22:45:00,False,263,281,629,475,chair,0.39453125
22:45:00,False,588,57,623,116,book,0.33203125
22:45:00,False,437,364,634,478,chair,0.43359375
22:45:00,False,587,57,622,117,book,0.3515625
22:45:00,False,437,364,634,478,chair,0.5234375
22:45:00,False,587,57,622,116,book,0.3125
22:45:00,False,436,365,636,477,chair,0.5859375
22:45:00,False,587,56,622,117,book,0.33203125
22:45:01,False,436,364,636,478,chair,0.54296875
22:45:01,False,588,58,623,117,book,0.3515625
22:45:01,False,436,365,636,477,chair,0.5234375
22:45:01,False,588,57,621,117,book,0.33203125
22:45:01,False,555,68,587,116,book,0.3125
22:45:01,False,437,364,634,478,chair,0.5234375
22:45:01,False,588,57,624,117,book,0.39453125
22:45:01,False,555,67,587,116,book,0.33203125
22:45:01,False,436,364,636,478,chair,0.54296875
22:45:01,False,588,57,621,116,book,0.33203125
22:45:01,False,436,364,636,478,chair,0.56640625
22:45:01,False,587,57,622,117,book,0.37109375
22:45:01,False,436,364,636,478,chair,0.54296875
22:45:01,False,588,57,623,117,book,0.3125
22:45:01,False,437,364,634,478,chair,0.5859375
22:45:01,False,145,326,430,480,chair,0.43359375
22:45:01,False,588,57,623,117,book,0.3515625
22:45:01,False,436,364,636,478,chair,0.54296875
22:45:01,False,173,338,545,478,chair,0.4140625
22:45:01,False,587,57,622,117,book,0.37109375
22:45:01,False,437,364,634,478,chair,0.56640625
22:45:01,False,217,329,459,472,chair,0.45703125
22:45:01,False,587,58,622,117,book,0.37109375
22:45:01,False,441,364,631,478,chair,0.4765625
22:45:01,False,222,323,455,471,chair,0.37109375
22:45:01,False,310,353,611,477,chair,0.3515625
22:45:01,False,588,57,623,117,book,0.33203125
22:45:01,False,437,364,634,478,chair,0.56640625
22:45:01,False,285,345,465,477,chair,0.37109375
22:45:01,False,587,57,624,117,book,0.3515625
22:45:02,False,437,364,634,478,chair,0.56640625
22:45:02,False,587,57,621,117,book,0.37109375
22:45:02,False,553,68,586,117,book,0.33203125
22:45:02,False,436,364,636,478,chair,0.5234375
22:45:02,False,586,56,623,117,book,0.37109375
22:45:02,False,555,66,587,116,book,0.33203125
22:45:02,False,432,364,625,478,chair,0.4765625
22:45:02,False,588,57,623,117,book,0.3125
22:45:02,False,437,364,634,478,chair,0.54296875
22:45:02,False,587,57,622,117,book,0.39453125
22:45:02,False,554,67,587,115,book,0.3125
22:45:02,False,437,364,634,478,chair,0.5
22:45:02,False,588,57,623,117,book,0.37109375
22:45:02,False,554,67,586,115,book,0.3125
22:45:02,False,439,364,632,478,chair,0.4765625
22:45:02,False,588,58,623,117,book,0.37109375
22:45:02,False,211,323,449,471,chair,0.3125
22:45:02,False,437,364,634,478,chair,0.45703125
22:45:02,False,215,295,616,479,chair,0.39453125
22:45:02,False,588,58,621,118,book,0.37109375
22:45:02,False,2,252,81,427,suitcase,0.3125
22:45:02,False,439,365,632,477,chair,0.5
22:45:02,False,211,271,449,481,tv,0.5
22:45:02,False,587,58,622,118,book,0.3515625
22:45:02,False,208,268,444,477,tv,0.5859375
22:45:02,False,437,364,634,478,chair,0.5
22:45:02,False,589,57,623,117,book,0.33203125
22:45:03,False,208,266,444,478,tv,0.5859375
22:45:03,False,437,364,634,478,chair,0.5
22:45:03,False,587,55,623,116,book,0.33203125
22:45:03,False,211,262,443,482,tv,0.60546875
22:45:03,False,437,364,634,478,chair,0.54296875
22:45:03,False,588,58,621,117,book,0.33203125
22:45:03,False,207,254,456,483,tv,0.5859375
22:45:03,False,439,363,632,479,chair,0.54296875
22:45:03,False,587,57,623,117,book,0.33203125
22:45:03,False,192,247,451,480,tv,0.54296875
22:45:03,False,437,364,634,478,chair,0.5234375
22:45:03,False,587,57,622,117,book,0.33203125
22:45:03,False,436,364,636,478,chair,0.5859375
22:45:03,False,184,243,457,484,tv,0.56640625
22:45:03,False,587,58,622,117,book,0.33203125
22:45:03,False,171,237,449,483,tv,0.6484375
22:45:03,False,436,364,636,478,chair,0.56640625
22:45:03,False,587,57,622,116,book,0.3515625
22:45:03,False,437,365,634,477,chair,0.56640625
22:45:03,False,166,234,455,484,tv,0.43359375
22:45:03,False,588,58,623,118,book,0.3515625
22:45:03,False,0,257,76,437,suitcase,0.33203125
22:45:03,False,440,364,637,478,chair,0.62890625
22:45:03,False,157,219,483,472,chair,0.43359375
22:45:03,False,1,252,79,427,suitcase,0.33203125
22:45:03,False,440,364,637,478,chair,0.60546875
22:45:03,False,587,56,622,117,book,0.33203125
22:45:03,False,140,227,472,476,chair,0.33203125
22:45:03,False,436,364,636,478,chair,0.5859375
22:45:03,False,143,230,442,476,tv,0.37109375
22:45:03,False,587,57,623,117,book,0.33203125
22:45:04,False,440,364,637,478,chair,0.62890625
22:45:04,False,143,228,442,478,tv,0.37109375
22:45:04,False,1,252,79,424,suitcase,0.33203125
22:45:04,False,437,365,634,477,chair,0.60546875
22:45:04,False,588,57,623,117,book,0.3515625
22:45:04,False,143,230,442,476,tv,0.3515625
22:45:04,False,0,254,79,426,suitcase,0.3125
22:45:04,False,436,364,636,478,chair,0.62890625
22:45:04,False,146,230,440,476,tv,0.39453125
22:45:04,False,588,58,621,117,book,0.3515625
22:45:04,False,0,252,79,427,suitcase,0.33203125
22:45:04,False,437,365,634,477,chair,0.60546875
22:45:04,False,587,56,622,117,book,0.3515625
22:45:04,False,143,237,442,478,chair,0.3515625
22:45:04,False,1,256,79,433,suitcase,0.33203125
22:45:04,False,440,364,637,478,chair,0.62890625
22:45:04,False,138,234,448,484,chair,0.39453125
22:45:04,False,588,57,623,117,book,0.33203125
22:45:04,False,440,364,637,478,chair,0.62890625
22:45:04,False,132,239,454,476,chair,0.39453125
22:45:04,False,588,57,623,118,book,0.3515625
22:45:04,False,437,364,634,478,chair,0.62890625
22:45:04,False,588,58,623,117,book,0.3515625
22:45:04,False,1,254,78,408,suitcase,0.3125
22:45:04,False,118,241,446,474,laptop,0.3125
22:45:04,False,438,364,638,478,chair,0.62890625
22:45:04,False,588,57,622,116,book,0.3515625
22:45:04,False,440,364,637,478,chair,0.60546875
22:45:04,False,436,365,636,477,chair,0.60546875
22:45:04,False,587,57,622,117,book,0.3515625
22:45:04,False,90,232,430,487,tv,0.33203125
22:45:04,False,1,254,79,417,suitcase,0.3125
22:45:04,False,440,364,637,478,chair,0.62890625
22:45:04,False,95,219,435,484,tv,0.37109375
22:45:04,False,588,58,622,117,book,0.3125
22:45:05,False,437,364,634,478,chair,0.60546875
22:45:05,False,98,206,432,480,tv,0.45703125
22:45:05,False,587,57,623,117,book,0.3515625
22:45:05,False,440,364,637,478,chair,0.62890625
22:45:05,False,95,194,417,478,tv,0.5
22:45:05,False,588,57,622,117,book,0.37109375
22:45:05,False,436,364,636,478,chair,0.5859375
22:45:05,False,105,194,421,478,tv,0.4765625
22:45:05,False,588,57,623,117,book,0.3515625
22:45:05,False,1,254,78,408,suitcase,0.3125
22:45:05,False,437,364,634,478,chair,0.62890625
22:45:05,False,102,194,424,478,tv,0.39453125
22:45:05,False,588,56,623,117,book,0.3515625
22:45:05,False,1,254,78,402,suitcase,0.3125
22:45:05,False,437,365,634,477,chair,0.56640625
22:45:05,False,101,187,429,482,laptop,0.37109375
22:45:05,False,1,253,78,404,suitcase,0.3515625
22:45:05,False,588,58,622,117,book,0.3125
22:45:05,False,437,364,634,478,chair,0.5859375
22:45:05,False,101,183,429,478,laptop,0.37109375
22:45:05,False,587,57,624,116,book,0.3515625
22:45:05,False,1,253,78,404,suitcase,0.3125
22:45:05,False,437,364,634,478,chair,0.5859375
22:45:05,False,1,255,78,415,suitcase,0.33203125
22:45:05,False,588,57,622,117,book,0.3125
22:45:05,False,273,184,335,259,cup,0.3125
22:45:05,False,436,364,636,478,chair,0.56640625
22:45:05,False,104,186,436,474,chair,0.45703125
22:45:05,False,588,57,622,117,book,0.3125
22:45:05,False,274,183,335,257,cup,0.3125
22:45:05,False,438,364,638,478,chair,0.62890625
22:45:05,False,117,189,437,472,chair,0.5
22:45:05,False,1,254,78,411,suitcase,0.37109375
22:45:05,False,587,56,623,117,book,0.3515625
22:45:05,False,437,365,634,477,chair,0.5859375
22:45:05,False,123,189,431,472,chair,0.56640625
22:45:05,False,588,57,624,116,book,0.33203125
22:45:05,False,1,253,79,422,suitcase,0.33203125
22:45:06,False,436,365,636,477,chair,0.54296875
22:45:06,False,1,259,79,436,suitcase,0.3515625
22:45:06,False,130,168,438,472,chair,0.3515625
22:45:06,False,587,57,621,117,book,0.3125
22:45:06,True,161,105,459,477,person,0.62890625
22:45:06,False,1,259,79,436,suitcase,0.37109375
22:45:06,False,587,58,622,117,book,0.3515625
22:45:06,False,447,370,633,478,chair,0.3515625
22:45:06,True,188,9,491,455,person,0.6484375
22:45:06,False,503,403,628,477,chair,0.4140625
22:45:06,False,2,253,81,422,suitcase,0.37109375
22:45:06,False,588,57,623,117,book,0.3125
22:45:06,True,198,-3,516,465,person,0.54296875
22:45:06,False,588,57,623,116,book,0.33203125
22:45:06,False,435,369,632,479,chair,0.33203125
22:45:06,True,166,194,530,467,person,0.43359375
22:45:06,False,589,57,623,117,book,0.3125
22:45:06,True,172,209,522,472,person,0.43359375
22:45:06,True,240,0,530,460,person,0.3125
22:45:06,True,255,-4,540,448,person,0.37109375
22:45:06,True,169,224,526,468,person,0.33203125
22:45:06,True,277,3,539,389,person,0.37109375
22:45:06,True,224,252,601,471,person,0.33203125
22:45:06,True,277,2,539,374,person,0.3515625
22:45:06,True,224,254,588,469,person,0.3515625
22:45:06,True,172,234,522,470,person,0.33203125
22:45:07,True,246,-8,536,452,person,0.39453125
22:45:07,False,588,57,623,117,book,0.3125
22:45:07,True,162,224,519,468,person,0.3125
22:45:07,True,243,0,539,460,person,0.39453125
22:45:07,False,588,56,623,117,book,0.3125
22:45:07,True,172,204,522,467,person,0.3125
22:45:07,True,247,-4,548,448,person,0.4140625
22:45:07,True,217,234,608,470,person,0.33203125
22:45:07,True,254,-3,566,465,person,0.60546875
22:45:07,True,220,206,618,464,person,0.5234375
22:45:07,False,587,56,622,117,book,0.33203125
22:45:07,True,259,35,557,473,person,0.5859375
22:45:07,False,587,57,622,117,book,0.3515625
22:45:07,False,213,227,611,476,chair,0.5234375
22:45:07,False,588,57,621,117,book,0.3125
22:45:07,False,227,290,635,477,chair,0.56640625
22:45:07,False,588,57,622,116,book,0.3125
22:45:07,False,360,291,633,475,chair,0.45703125
22:45:07,False,333,266,627,478,chair,0.5234375
22:45:07,False,587,57,623,117,book,0.37109375
22:45:07,False,2,257,78,437,suitcase,0.3125
22:45:07,False,252,230,616,483,chair,0.39453125
22:45:07,False,588,57,623,116,book,0.3515625
22:45:08,True,295,149,615,470,person,0.3515625
22:45:08,True,319,388,568,475,person,0.3515625
22:45:08,True,292,102,618,474,person,0.3515625
22:45:08,True,296,32,599,462,person,0.5
22:45:08,True,275,47,619,477,person,0.4765625
22:45:08,True,227,126,625,472,person,0.62890625
22:45:08,False,302,45,439,122,tv,0.3515625
22:45:08,False,586,56,623,118,book,0.33203125
22:45:08,True,238,102,629,474,person,0.60546875
22:45:08,False,586,57,624,117,book,0.3125
22:45:08,True,213,128,611,480,person,0.54296875
22:45:08,True,217,128,623,480,person,0.5234375
22:45:08,False,587,58,623,117,book,0.3125
22:45:08,True,214,131,610,475,person,0.3515625
22:45:08,True,207,127,617,477,person,0.45703125
22:45:08,False,588,57,623,116,book,0.33203125
22:45:09,True,202,128,623,480,person,0.4765625
22:45:09,False,587,56,623,117,book,0.3125
22:45:09,True,220,139,618,478,person,0.4765625
22:45:09,False,292,122,548,328,cell phone,0.37109375
22:45:09,False,588,57,621,117,book,0.3125
22:45:09,True,234,139,618,478,person,0.54296875
22:45:09,False,292,132,548,338,cell phone,0.5234375
22:45:09,False,587,57,622,117,book,0.33203125
22:45:09,True,248,134,618,473,person,0.54296875
22:45:09,False,293,132,561,341,cell phone,0.45703125
22:45:09,False,589,58,623,117,book,0.33203125
22:45:09,True,234,143,618,476,person,0.45703125
22:45:09,False,297,128,553,342,cell phone,0.3125
22:45:09,True,224,136,615,482,person,0.5
22:45:09,False,289,130,552,350,cell phone,0.43359375
22:45:09,False,587,56,624,117,book,0.3125
22:45:09,True,248,139,618,478,person,0.5
22:45:09,False,285,130,545,348,cell phone,0.4765625
22:45:09,False,588,58,622,117,book,0.3125
22:45:09,True,265,128,615,480,person,0.5
22:45:09,False,281,132,551,346,cell phone,0.3515625
22:45:09,False,587,57,621,117,book,0.33203125
22:45:09,True,255,134,612,473,person,0.45703125
22:45:09,False,303,46,437,181,chair,0.37109375
22:45:09,False,587,57,622,117,book,0.3125
22:45:09,True,265,128,615,480,person,0.45703125
22:45:09,False,588,58,623,118,book,0.33203125
22:45:09,False,588,57,623,117,book,0.3125
22:45:09,True,261,150,577,473,person,0.3125
22:45:10,False,468,403,624,477,chair,0.33203125
22:45:10,False,588,58,623,117,book,0.3125
22:45:10,False,436,364,636,478,chair,0.54296875
22:45:10,False,588,58,623,117,book,0.3515625
22:45:10,False,436,364,636,478,chair,0.54296875
22:45:10,False,587,56,622,117,book,0.33203125
22:45:10,False,436,365,636,477,chair,0.54296875
22:45:10,False,587,57,622,117,book,0.37109375
22:45:10,False,434,365,638,477,chair,0.5234375
22:45:10,True,5,153,195,482,person,0.39453125
22:45:10,False,587,57,623,117,book,0.37109375
22:45:10,False,553,67,586,115,book,0.3125
22:45:10,False,436,364,636,478,chair,0.54296875
22:45:10,True,3,154,394,475,person,0.5
22:45:10,False,587,57,623,117,book,0.33203125
22:45:10,False,434,364,638,478,chair,0.5234375
22:45:10,True,6,143,395,474,person,0.43359375
22:45:10,False,588,57,624,117,book,0.3515625
22:45:10,True,6,145,376,484,person,0.60546875
22:45:10,False,436,365,636,477,chair,0.54296875
22:45:10,True,0,139,384,478,person,0.6875
22:45:10,False,437,364,634,478,chair,0.5859375
22:45:10,False,588,58,622,117,book,0.3125
22:45:10,False,436,364,636,478,chair,0.5859375
22:45:10,True,3,154,394,475,person,0.56640625
22:45:10,False,588,56,623,117,book,0.3125
22:45:10,False,436,364,636,478,chair,0.56640625
22:45:10,True,6,156,395,475,person,0.5
22:45:11,False,439,364,632,478,chair,0.5859375
22:45:11,True,6,131,448,475,person,0.5859375
22:45:11,True,1,125,544,477,person,0.60546875
22:45:11,False,436,365,636,477,chair,0.5
22:45:11,False,588,57,623,116,book,0.3125
22:45:11,True,0,140,617,479,person,0.7734375
22:45:11,False,441,368,631,480,chair,0.4140625
22:45:11,True,-4,139,620,476,person,0.7734375
22:45:11,False,307,46,439,160,chair,0.4140625
22:45:11,True,7,143,631,480,person,0.7578125
22:45:11,False,555,67,587,117,bottle,0.3125
22:45:11,False,2,256,74,347,handbag,0.3125
22:45:11,True,7,154,631,479,person,0.72265625
22:45:11,True,17,159,626,476,person,0.60546875
22:45:11,True,49,171,626,477,person,0.45703125
22:45:11,False,588,57,623,117,book,0.3125
22:45:11,True,55,182,642,477,person,0.3125
22:45:11,False,68,195,628,476,cat,0.39453125
22:45:11,False,589,58,622,117,book,0.3125
22:45:12,True,45,192,625,478,person,0.5
22:45:12,False,0,288,79,436,motorcycle,0.33203125
22:45:12,True,45,205,625,476,person,0.4140625
22:45:12,True,39,209,630,480,person,0.4140625
22:45:12,False,589,58,623,117,book,0.3125
22:45:12,True,63,209,633,480,person,0.56640625
22:45:12,True,63,209,633,480,person,0.60546875
22:45:12,False,587,57,622,117,book,0.3125
22:45:12,True,68,216,628,482,person,0.33203125
22:45:12,False,67,216,647,482,umbrella,0.37109375
22:45:12,True,49,221,640,478,person,0.5234375
22:45:12,True,49,221,640,478,person,0.45703125
22:45:12,False,587,57,622,117,book,0.33203125
22:45:12,True,49,214,640,475,person,0.62890625
22:45:13,True,43,214,645,475,person,0.56640625
22:45:13,True,45,216,625,482,person,0.6484375
22:45:13,False,587,57,622,117,book,0.3125
22:45:13,True,72,212,642,478,person,0.56640625
22:45:13,False,588,57,621,116,book,0.3125
22:45:13,True,63,212,633,478,person,0.54296875
